High,Low,Open,Close,Volume,Adj Close
243.4499969482422,238.3699951171875,238.50999450683594,240.00999450683594,2715000,240.00999450683594
231.3800048828125,219.0,230.72000122070312,223.41000366210938,6827100,223.41000366210938
226.88999938964844,220.0,226.36000061035156,223.42999267578125,3186800,223.42999267578125
220.0500030517578,215.97999572753906,220.0,219.0399932861328,3779100,219.0399932861328
218.44000244140625,213.6699981689453,214.19000244140625,215.64999389648438,3554300,215.64999389648438
220.44000244140625,210.77000427246094,217.86000061035156,211.0,3628100,211.0
214.4499969482422,203.0,214.00999450683594,207.85000610351562,4089700,207.85000610351562
213.74000549316406,205.30999755859375,211.60000610351562,209.97000122070312,3091900,209.97000122070312
212.64999389648438,200.0,212.00999450683594,200.30999755859375,4126400,200.30999755859375
210.0,193.3800048828125,202.2100067138672,206.17999267578125,6490700,206.17999267578125
205.07000732421875,197.25,198.97000122070312,204.99000549316406,5578600,204.99000549316406
210.47000122070312,200.77999877929688,208.7100067138672,204.72000122070312,4038700,204.72000122070312
201.27999877929688,191.25,199.39999389648438,198.6999969482422,5838600,198.6999969482422
203.22999572753906,195.02000427246094,201.5500030517578,199.97000122070312,3166200,199.97000122070312
205.5,199.02999877929688,204.8000030517578,202.5500030517578,3124100,202.5500030517578
203.57000732421875,195.8800048828125,200.05999755859375,196.3800048828125,2698700,196.3800048828125
197.82000732421875,188.8800048828125,196.6999969482422,193.55999755859375,4946800,193.55999755859375
193.25999450683594,185.77000427246094,192.3800048828125,188.07000732421875,3617200,188.07000732421875
191.27999877929688,182.41000366210938,190.7899932861328,189.6999969482422,4592800,189.6999969482422
193.74000549316406,188.0800018310547,189.9499969482422,191.1999969482422,2852300,191.1999969482422
199.52000427246094,182.75,188.75999450683594,196.94000244140625,5297600,196.94000244140625
193.1199951171875,180.22999572753906,192.4199981689453,182.77999877929688,5773600,182.77999877929688
183.94000244140625,170.17999267578125,183.58999633789062,173.47999572753906,7931400,173.47999572753906
175.97999572753906,166.99000549316406,170.6999969482422,175.3300018310547,4363900,175.3300018310547
173.0,157.74000549316406,171.3000030517578,162.60000610351562,9437600,162.60000610351562
157.14999389648438,146.0,157.10000610351562,147.99000549316406,9313000,147.99000549316406
159.7899932861328,141.0500030517578,142.32000732421875,148.25,8575100,148.25
154.97000122070312,141.74000549316406,150.5,143.6699981689453,10406500,143.6699981689453
163.25999450683594,147.0,152.0,150.47000122070312,14252400,150.47000122070312
157.00999450683594,143.6999969482422,155.0,151.0399932861328,7235800,151.0399932861328
162.9499969482422,154.11000061035156,158.6999969482422,155.1699981689453,5593800,155.1699981689453
169.33999633789062,156.67999267578125,159.0,168.67999267578125,5825200,168.67999267578125
172.9499969482422,164.77000427246094,172.4199981689453,166.77000427246094,3887600,166.77000427246094
167.49000549316406,162.5,163.66000366210938,166.5800018310547,2959400,166.5800018310547
178.91000366210938,169.85000610351562,170.1199951171875,177.74000549316406,5060100,177.74000549316406
181.72999572753906,173.67999267578125,176.16000366210938,177.2100067138672,5984400,177.2100067138672
179.5,167.83999633789062,172.75,179.0,5395600,179.0
188.52000427246094,175.1999969482422,178.64999389648438,187.42999267578125,5720500,187.42999267578125
192.0,185.0,188.6999969482422,190.33999633789062,6065100,190.33999633789062
196.35000610351562,189.22000122070312,192.39999389648438,191.92999267578125,4499000,191.92999267578125
195.9499969482422,182.6999969482422,194.25,186.35000610351562,6712200,186.35000610351562
188.52000427246094,181.5,183.72999572753906,188.33999633789062,4862400,188.33999633789062
197.4199981689453,184.22000122070312,188.27999877929688,195.74000549316406,4820500,195.74000549316406
204.02999877929688,197.5,198.0,201.0399932861328,6489100,201.0399932861328
209.6999969482422,197.39999389648438,197.67999267578125,205.2899932861328,5329400,205.2899932861328
207.5,202.1999969482422,203.5,202.60000610351562,4178700,202.60000610351562
209.3699951171875,202.7899932861328,204.52000427246094,208.72000122070312,3208600,208.72000122070312
213.2899932861328,200.6699981689453,210.0,205.17999267578125,5183200,205.17999267578125
209.4199981689453,205.3300018310547,207.92999267578125,207.5,3343100,207.5
216.72000122070312,210.63999938964844,212.64999389648438,215.14999389648438,4065700,215.14999389648438
218.97000122070312,211.5,214.27000427246094,218.33999633789062,3180500,218.33999633789062
222.5800018310547,217.02000427246094,218.0,221.92999267578125,3516700,221.92999267578125
228.5,220.0,221.47000122070312,226.3800048828125,3782900,226.3800048828125
234.47999572753906,228.05999755859375,229.10000610351562,232.74000549316406,4711800,232.74000549316406
239.8800048828125,235.0,235.33999633789062,238.32000732421875,5307800,238.32000732421875
238.99000549316406,232.55999755859375,237.2100067138672,234.24000549316406,4316000,234.24000549316406
234.72999572753906,222.02999877929688,232.3699951171875,222.5800018310547,4948800,222.5800018310547
228.88999938964844,215.0,215.77999877929688,227.75,4960900,227.75
234.80999755859375,225.0,231.61000061035156,230.25999450683594,3925700,230.25999450683594
232.3800048828125,225.3300018310547,229.88999938964844,230.1300048828125,4004900,230.1300048828125
235.5,226.5,235.08999633789062,226.88999938964844,4033000,226.88999938964844
237.4199981689453,225.00999450683594,229.33999633789062,229.77000427246094,8012900,229.77000427246094
247.89999389648438,233.25,244.8300018310547,237.58999633789062,15997500,237.58999633789062
252.1199951171875,243.63999938964844,249.1199951171875,246.99000549316406,13475300,246.99000549316406
256.55999755859375,240.0,240.5,255.47000122070312,9948700,255.47000122070312
267.739990234375,253.4499969482422,253.97000122070312,265.4200134277344,11679900,265.4200134277344
269.3399963378906,254.50999450683594,266.45001220703125,257.20001220703125,8856200,257.20001220703125
260.82000732421875,248.02000427246094,260.5,250.07000732421875,7363900,250.07000732421875
258.989990234375,245.3000030517578,251.0,249.9199981689453,9161700,249.9199981689453
251.8000030517578,243.6300048828125,249.5,247.82000732421875,5750800,247.82000732421875
255.5,247.3300018310547,248.50999450683594,254.52999877929688,4925600,254.52999877929688
256.8399963378906,251.0500030517578,253.0,251.86000061035156,4120000,251.86000061035156
254.60000610351562,249.1199951171875,251.30999755859375,254.50999450683594,3752400,254.50999450683594
258.30999755859375,251.66000366210938,252.22999572753906,253.8800048828125,4261800,253.8800048828125
254.3699951171875,241.25,253.1199951171875,247.3699951171875,6357500,247.3699951171875
253.66000366210938,241.5,246.25999450683594,249.97000122070312,5194100,249.97000122070312
250.89999389648438,246.91000366210938,248.99000549316406,248.2899932861328,2783100,248.2899932861328
254.0,245.7100067138672,248.88999938964844,253.75,3786300,253.75
257.3800048828125,250.75999450683594,253.00999450683594,251.82000732421875,3670300,251.82000732421875
255.72999572753906,249.38999938964844,252.0500030517578,253.74000549316406,3223800,253.74000549316406
255.0,249.39999389648438,252.75,251.47000122070312,3205800,251.47000122070312
253.42999267578125,247.44000244140625,249.85000610351562,247.7100067138672,2519000,247.7100067138672
248.42999267578125,237.80999755859375,248.13999938964844,240.75999450683594,5413800,240.75999450683594
243.19000244140625,234.82000732421875,241.5,241.8000030517578,3843900,241.8000030517578
238.91000366210938,231.6199951171875,237.36000061035156,232.32000732421875,4302200,232.32000732421875
234.4600067138672,220.39999389648438,230.2899932861328,222.55999755859375,8262500,222.55999755859375
228.63999938964844,209.7899932861328,228.4600067138672,211.52999877929688,11254800,211.52999877929688
216.3699951171875,208.11000061035156,210.8699951171875,214.92999267578125,5685200,214.92999267578125
216.14999389648438,206.8000030517578,215.72000122070312,208.9199981689453,4776400,208.9199981689453
209.47000122070312,205.0,207.5500030517578,208.69000244140625,4065200,208.69000244140625
215.47999572753906,206.0500030517578,207.58999633789062,208.9600067138672,5161900,208.9600067138672
211.6699981689453,203.66000366210938,211.44000244140625,207.27999877929688,3650500,207.27999877929688
211.1999969482422,206.6999969482422,207.77999877929688,207.61000061035156,2822800,207.61000061035156
213.14999389648438,207.9199981689453,208.14999389648438,208.2899932861328,2949400,208.2899932861328
209.82000732421875,204.02000427246094,209.0500030517578,204.66000366210938,2843600,204.66000366210938
215.30999755859375,207.75,209.14999389648438,211.1699981689453,5617500,211.1699981689453
216.7899932861328,207.3000030517578,213.6199951171875,215.2100067138672,6866300,215.2100067138672
220.5500030517578,216.35000610351562,216.99000549316406,220.27999877929688,9007100,220.27999877929688
222.60000610351562,215.86000061035156,219.8699951171875,216.22000122070312,5093200,216.22000122070312
218.74000549316406,215.17999267578125,216.60000610351562,217.91000366210938,3013800,217.91000366210938
221.36000061035156,216.50999450683594,217.91000366210938,219.5800018310547,3126800,219.5800018310547
225.25999450683594,219.0500030517578,220.5,225.1199951171875,4064000,225.1199951171875
225.92999267578125,220.75,224.99000549316406,223.0399932861328,3650300,223.0399932861328
224.75,221.5,223.0399932861328,223.22999572753906,2789000,223.22999572753906
222.39999389648438,216.88999938964844,221.47999572753906,219.55999755859375,2982700,219.55999755859375
219.91000366210938,217.11000061035156,219.58999633789062,218.9600067138672,2009400,218.9600067138672
221.94000244140625,218.00999450683594,220.0,218.99000549316406,2229000,218.99000549316406
220.89999389648438,215.4499969482422,218.0,220.67999267578125,2249500,220.67999267578125
234.44000244140625,221.52000427246094,222.24000549316406,232.33999633789062,6213600,232.33999633789062
240.85000610351562,232.61000061035156,233.8000030517578,235.52000427246094,5972000,235.52000427246094
235.3300018310547,227.05999755859375,234.97999572753906,229.36000061035156,4492100,229.36000061035156
227.97000122070312,218.4199981689453,227.38999938964844,218.7899932861328,6026600,218.7899932861328
225.77000427246094,217.66000366210938,219.5,217.8699951171875,4193000,217.8699951171875
222.1999969482422,212.52999877929688,218.8800048828125,214.9600067138672,3580200,214.9600067138672
221.89999389648438,215.1300048828125,216.9499969482422,217.6999969482422,2908500,217.6999969482422
218.0399932861328,213.5,217.4199981689453,217.92999267578125,2440300,217.92999267578125
219.99000549316406,214.5,217.80999755859375,215.47000122070312,3112600,215.47000122070312
223.75,218.22999572753906,219.5,219.6999969482422,3555500,219.6999969482422
222.57000732421875,218.80999755859375,220.67999267578125,219.61000061035156,4529000,219.61000061035156
205.9499969482422,195.75,199.47000122070312,196.66000366210938,23742400,196.66000366210938
197.5500030517578,192.1300048828125,195.69000244140625,196.39999389648438,10130700,196.39999389648438
195.1199951171875,189.72999572753906,190.0500030517578,193.14999389648438,7026500,193.14999389648438
198.80999755859375,187.8699951171875,190.86000061035156,198.5500030517578,7205400,198.5500030517578
204.0500030517578,199.41000366210938,201.88999938964844,201.7899932861328,6212400,201.7899932861328
211.77999877929688,203.0,205.1300048828125,210.19000244140625,5994900,210.19000244140625
213.5,209.02000427246094,212.97000122070312,212.27999877929688,4843100,212.27999877929688
218.24000549316406,206.0,206.13999938964844,216.5,5400000,216.5
214.5399932861328,208.0,209.72999572753906,213.97999572753906,5175300,213.97999572753906
215.22999572753906,209.0,210.0,214.44000244140625,4919900,214.44000244140625
218.1199951171875,213.00999450683594,213.10000610351562,215.94000244140625,3599700,215.94000244140625
219.80999755859375,214.5,217.8000030517578,216.77999877929688,4074800,216.77999877929688
226.77999877929688,219.50999450683594,219.9600067138672,224.77999877929688,5429800,224.77999877929688
227.5,223.22000122070312,224.10000610351562,224.64999389648438,4571300,224.64999389648438
225.58999633789062,220.2899932861328,225.5,222.52999877929688,3567100,222.52999877929688
224.94000244140625,221.0500030517578,223.1199951171875,221.52999877929688,2675800,221.52999877929688
222.75,219.63999938964844,222.52000427246094,220.39999389648438,2234200,220.39999389648438
227.08999633789062,218.3000030517578,219.63999938964844,226.25,3412100,226.25
229.10000610351562,224.75,225.0,225.25999450683594,3115100,225.25999450683594
229.8000030517578,225.0,226.47000122070312,228.36000061035156,2568500,228.36000061035156
227.85000610351562,219.10000610351562,226.0,220.5,4428700,220.5
224.5,218.8800048828125,221.99000549316406,222.27000427246094,2579700,222.27000427246094
231.38999938964844,221.3699951171875,222.27000427246094,230.00999450683594,4490700,230.00999450683594
230.0,225.3000030517578,227.69000244140625,229.50999450683594,3430000,229.50999450683594
233.36000061035156,226.9199981689453,229.33999633789062,228.49000549316406,2885200,228.49000549316406
230.75999450683594,226.60000610351562,227.9499969482422,230.61000061035156,2419100,230.61000061035156
235.27999877929688,230.24000549316406,230.6999969482422,234.7899932861328,3070800,234.7899932861328
236.6300048828125,229.3800048828125,235.5,230.00999450683594,4016300,230.00999450683594
229.8699951171875,221.39999389648438,229.3699951171875,227.1999969482422,3934400,227.1999969482422
229.6999969482422,224.2100067138672,227.3699951171875,225.7899932861328,3887800,225.7899932861328
230.86000061035156,222.0500030517578,225.69000244140625,230.61000061035156,4122800,230.61000061035156
232.0,227.39999389648438,230.0,230.02999877929688,3205200,230.02999877929688
229.60000610351562,226.08999633789062,228.0,226.16000366210938,2263600,226.16000366210938
231.5399932861328,226.64999389648438,226.82000732421875,229.0800018310547,2207800,229.0800018310547
229.8699951171875,224.6199951171875,228.24000549316406,225.64999389648438,2338300,225.64999389648438
227.57000732421875,223.41000366210938,226.1699981689453,224.91000366210938,1875800,224.91000366210938
226.64999389648438,224.0399932861328,225.41000366210938,225.61000061035156,1813500,225.61000061035156
229.5,224.92999267578125,226.02000427246094,225.58999633789062,2034300,225.58999633789062
227.19000244140625,223.41000366210938,225.49000549316406,223.61000061035156,2267100,223.61000061035156
224.8300018310547,222.8000030517578,224.3300018310547,223.24000549316406,1787100,223.24000549316406
225.66000366210938,222.2899932861328,223.82000732421875,223.50999450683594,1714500,223.50999450683594
225.1699981689453,222.52999877929688,223.5399932861328,225.0,1659500,225.0
225.11000061035156,222.67999267578125,224.1699981689453,222.92999267578125,2065500,222.92999267578125
228.49000549316406,222.8000030517578,224.32000732421875,224.83999633789062,4784400,224.83999633789062
227.14999389648438,222.22000122070312,227.0500030517578,222.6199951171875,2570700,222.6199951171875
223.8000030517578,220.77000427246094,223.11000061035156,220.9600067138672,1762500,220.9600067138672
222.86000061035156,218.82000732421875,222.13999938964844,219.99000549316406,2239000,219.99000549316406
220.39999389648438,215.0,220.14999389648438,215.1999969482422,3257100,215.1999969482422
216.11000061035156,210.52000427246094,216.11000061035156,211.33999633789062,3168900,211.33999633789062
212.60000610351562,208.64999389648438,210.42999267578125,212.00999450683594,3276500,212.00999450683594
211.10000610351562,200.5,209.00999450683594,200.77000427246094,7943100,200.77000427246094
203.1999969482422,196.1999969482422,202.3300018310547,197.77999877929688,5977400,197.77999877929688
203.25,199.0,199.02000427246094,202.8300018310547,4390600,202.8300018310547
206.5,200.7100067138672,205.5,201.7100067138672,3640900,201.7100067138672
199.88999938964844,196.36000061035156,199.5500030517578,197.36000061035156,3370000,197.36000061035156
199.9199981689453,193.6999969482422,199.08999633789062,194.47000122070312,3757000,194.47000122070312
201.3699951171875,194.10000610351562,195.0,198.3000030517578,3715200,198.3000030517578
198.49000549316406,193.4499969482422,197.05999755859375,196.0500030517578,3589400,196.0500030517578
197.9199981689453,194.86000061035156,195.75,196.41000366210938,2254500,196.41000366210938
202.52000427246094,196.39999389648438,196.49000549316406,200.4199981689453,3077200,200.4199981689453
205.6999969482422,199.0,200.4199981689453,205.39999389648438,3107800,205.39999389648438
209.42999267578125,205.0,207.0,206.33999633789062,2297000,206.33999633789062
207.75,203.91000366210938,206.85000610351562,204.63999938964844,2410500,204.63999938964844
207.0,201.55999755859375,206.3699951171875,205.22000122070312,2633500,205.22000122070312
207.27999877929688,203.0,206.39999389648438,206.42999267578125,2382900,206.42999267578125
210.17999267578125,205.6699981689453,205.99000549316406,207.4499969482422,2905200,207.4499969482422
211.0,206.5,206.5,208.99000549316406,2394400,208.99000549316406
209.97999572753906,204.61000061035156,209.64999389648438,205.80999755859375,3373200,205.80999755859375
208.25,205.25999450683594,207.50999450683594,206.27000427246094,2088400,206.27000427246094
207.3300018310547,200.5800018310547,205.60000610351562,200.6999969482422,2727000,200.6999969482422
204.97999572753906,199.5500030517578,202.2100067138672,204.02999877929688,2586300,204.02999877929688
215.6699981689453,208.25,212.3000030517578,213.6999969482422,5999900,213.6999969482422
213.32000732421875,208.82000732421875,213.10000610351562,211.41000366210938,3541500,211.41000366210938
213.14999389648438,208.1199951171875,212.24000549316406,208.4600067138672,1877500,208.4600067138672
204.2100067138672,200.2100067138672,202.4600067138672,201.0,4703400,201.0
201.32000732421875,195.8000030517578,201.0,196.61000061035156,3493000,196.61000061035156
204.13999938964844,199.66000366210938,201.35000610351562,200.9499969482422,3303100,200.9499969482422
202.1999969482422,198.30999755859375,201.85000610351562,200.10000610351562,2328400,200.10000610351562
203.8800048828125,200.4199981689453,200.9499969482422,201.50999450683594,1970700,201.50999450683594
200.89999389648438,197.0500030517578,200.5,200.24000549316406,2494600,200.24000549316406
201.42999267578125,196.3000030517578,200.66000366210938,196.50999450683594,4269900,196.50999450683594
198.38999938964844,192.0,197.0500030517578,193.9600067138672,4554100,193.9600067138672
199.47000122070312,193.25999450683594,195.99000549316406,199.10000610351562,5669000,199.10000610351562
206.66000366210938,198.05999755859375,199.74000549316406,203.55999755859375,6991200,203.55999755859375
203.0,197.0500030517578,202.1199951171875,199.10000610351562,5072900,199.10000610351562
201.57000732421875,197.41000366210938,198.60000610351562,200.08999633789062,2943400,200.08999633789062
203.9499969482422,200.25,201.0,202.75999450683594,2751600,202.75999450683594
204.69000244140625,201.1999969482422,202.89999389648438,202.33999633789062,2445000,202.33999633789062
203.19000244140625,200.10000610351562,201.0,202.24000549316406,5632800,202.24000549316406
213.6999969482422,201.64999389648438,211.33999633789062,204.00999450683594,13093700,204.00999450683594
205.32000732421875,199.8300018310547,204.0,199.97000122070312,4280100,199.97000122070312
202.49000549316406,195.80999755859375,202.49000549316406,197.72999572753906,4692300,197.72999572753906
198.5,188.11000061035156,198.0399932861328,190.7899932861328,7060000,190.7899932861328
192.6999969482422,187.50999450683594,190.0500030517578,188.02000427246094,4253400,188.02000427246094
191.47000122070312,187.0399932861328,189.0,187.4199981689453,2653000,187.4199981689453
193.4600067138672,185.9600067138672,189.0,190.55999755859375,5146000,190.55999755859375
194.2899932861328,190.0500030517578,193.58999633789062,193.2100067138672,3870100,193.2100067138672
197.49000549316406,191.25999450683594,193.7899932861328,194.94000244140625,3251400,194.94000244140625
192.0,183.9499969482422,186.8800048828125,190.05999755859375,8173100,190.05999755859375
191.61000061035156,180.4199981689453,191.0500030517578,185.35000610351562,6750300,185.35000610351562
188.8800048828125,183.0,184.24000549316406,188.55999755859375,3988500,188.55999755859375
188.25,178.19000244140625,188.0,181.4499969482422,6542200,181.4499969482422
186.42999267578125,182.0500030517578,182.77999877929688,183.77000427246094,3902000,183.77000427246094
184.72999572753906,181.2100067138672,182.64999389648438,183.92999267578125,3430400,183.92999267578125
189.49000549316406,182.11000061035156,183.49000549316406,188.66000366210938,4887100,188.66000366210938
193.0,185.0,190.64999389648438,185.02000427246094,5210300,185.02000427246094
188.88999938964844,184.41000366210938,185.0399932861328,184.52000427246094,4361000,184.52000427246094
191.47000122070312,183.7100067138672,185.83999633789062,191.1699981689453,5603400,191.1699981689453
195.63999938964844,189.0,190.61000061035156,193.13999938964844,4885300,193.13999938964844
197.24000549316406,193.63999938964844,193.63999938964844,196.64999389648438,2366100,196.64999389648438
199.35000610351562,194.5500030517578,195.47999572753906,196.1199951171875,4529200,196.1199951171875
196.72999572753906,189.5,195.55999755859375,189.57000732421875,4439300,189.57000732421875
191.88999938964844,187.5,191.0,189.39999389648438,3547100,189.39999389648438
188.52999877929688,181.0,188.25,181.8800048828125,5126400,181.8800048828125
184.8800048828125,180.0,182.8800048828125,181.47000122070312,4042300,181.47000122070312
188.88999938964844,182.50999450683594,182.50999450683594,186.8000030517578,4072200,186.8000030517578
186.5800018310547,182.67999267578125,185.52000427246094,185.85000610351562,3391600,185.85000610351562
193.39999389648438,185.0,186.14999389648438,193.14999389648438,5461900,193.14999389648438
192.5,189.5399932861328,192.0500030517578,192.2899932861328,3194100,192.2899932861328
193.83999633789062,190.80999755859375,190.8699951171875,192.17999267578125,2722500,192.17999267578125
194.4199981689453,191.17999267578125,192.8000030517578,192.42999267578125,2438900,192.42999267578125
201.27999877929688,193.0,193.17999267578125,198.14999389648438,6823900,198.14999389648438
203.0,196.75999450683594,198.74000549316406,198.69000244140625,4150900,198.69000244140625
200.74000549316406,197.38999938964844,198.41000366210938,197.5800018310547,3219600,197.5800018310547
202.58999633789062,197.60000610351562,198.0800018310547,202.49000549316406,3779800,202.49000549316406
204.4499969482422,199.83999633789062,202.49000549316406,202.72999572753906,3488100,202.72999572753906
209.0,202.5,203.0500030517578,208.7899932861328,4689100,208.7899932861328
212.22999572753906,207.41000366210938,208.4499969482422,207.6999969482422,5207600,207.6999969482422
209.99000549316406,206.5,208.22000122070312,208.4499969482422,3111100,208.4499969482422
213.4499969482422,207.7100067138672,208.0,213.33999633789062,4662900,213.33999633789062
222.25,214.4199981689453,214.8800048828125,219.52999877929688,5915700,219.52999877929688
223.8000030517578,217.1999969482422,221.52999877929688,219.74000549316406,3782500,219.74000549316406
219.1999969482422,214.1199951171875,218.55999755859375,214.67999267578125,4035900,214.67999267578125
217.5,211.67999267578125,216.3000030517578,213.69000244140625,4642600,213.69000244140625
220.3300018310547,210.9600067138672,214.86000061035156,216.99000549316406,5923300,216.99000549316406
228.0,214.30999755859375,214.75,226.99000549316406,11213500,226.99000549316406
227.47999572753906,221.9499969482422,226.4199981689453,226.75,5911700,226.75
230.30999755859375,225.4499969482422,226.92999267578125,229.00999450683594,5527900,229.00999450683594
231.9199981689453,228.0,228.97000122070312,231.27999877929688,3957000,231.27999877929688
232.0,226.88999938964844,232.0,229.8699951171875,3660000,229.8699951171875
229.97999572753906,226.67999267578125,229.07000732421875,229.72999572753906,3650800,229.72999572753906
230.6999969482422,225.5800018310547,229.05999755859375,229.58999633789062,3790200,229.58999633789062
237.85000610351562,229.58999633789062,230.0,237.75,6093000,237.75
239.9600067138672,234.3699951171875,236.6999969482422,235.5800018310547,4611900,235.5800018310547
239.7100067138672,235.5800018310547,236.64999389648438,238.36000061035156,3769000,238.36000061035156
248.67999267578125,240.75,247.25,243.75999450683594,7732300,243.75999450683594
246.0,243.00999450683594,245.4600067138672,244.72999572753906,4204300,244.72999572753906
250.88999938964844,245.5,245.85000610351562,248.9199981689453,6262900,248.9199981689453
254.8000030517578,249.64999389648438,250.0,254.61000061035156,4965500,254.61000061035156
258.4599914550781,251.8000030517578,257.30999755859375,254.47000122070312,5142600,254.47000122070312
255.74000549316406,250.75,254.2899932861328,252.50999450683594,3152100,252.50999450683594
253.0,248.52000427246094,251.3800048828125,252.9499969482422,3166300,252.9499969482422
255.2899932861328,247.10000610351562,252.52999877929688,250.6300048828125,3801100,250.6300048828125
255.88999938964844,247.6999969482422,249.24000549316406,251.92999267578125,4116100,251.92999267578125
253.1999969482422,249.0500030517578,253.0500030517578,249.24000549316406,3958800,249.24000549316406
252.4199981689453,247.7100067138672,248.33999633789062,251.5500030517578,2499800,251.5500030517578
252.17999267578125,249.67999267578125,251.91000366210938,251.3300018310547,2186700,251.3300018310547
257.82000732421875,250.6300048828125,251.0,257.7699890136719,3562500,257.7699890136719
260.0,256.4200134277344,258.19000244140625,257.4800109863281,4244800,257.4800109863281
263.3599853515625,256.20001220703125,257.3500061035156,262.0799865722656,3933000,262.0799865722656
271.17999267578125,266.1499938964844,266.25,269.20001220703125,7820200,269.20001220703125
270.95001220703125,266.1099853515625,269.7900085449219,269.2300109863281,3619700,269.2300109863281
280.7900085449219,270.510009765625,270.739990234375,280.6000061035156,7029600,280.6000061035156
287.3900146484375,278.6099853515625,279.0299987792969,280.9800109863281,7329400,280.9800109863281
282.239990234375,276.44000244140625,280.0,279.760009765625,4947900,279.760009765625
280.0,268.5,277.6000061035156,268.95001220703125,7077300,268.95001220703125
272.8900146484375,264.1499938964844,265.79998779296875,272.2300109863281,6257100,272.2300109863281
281.3999938964844,274.010009765625,275.45001220703125,277.3900146484375,5676700,277.3900146484375
283.45001220703125,272.6000061035156,280.30999755859375,273.510009765625,8755000,273.510009765625
264.6600036621094,255.55999755859375,264.0,255.99000549316406,14915200,255.99000549316406
258.25,250.1999969482422,252.66000366210938,257.0,8171600,257.0
248.36000061035156,242.00999450683594,248.1699981689453,246.22999572753906,11460800,246.22999572753906
251.0,243.89999389648438,244.19000244140625,249.99000549316406,6078100,249.99000549316406
254.85000610351562,249.11000061035156,254.17999267578125,250.02000427246094,4809500,250.02000427246094
253.27999877929688,248.27000427246094,249.7100067138672,250.47999572753906,3351800,250.47999572753906
251.89999389648438,249.0,250.74000549316406,251.57000732421875,2919400,251.57000732421875
251.6999969482422,247.50999450683594,247.91000366210938,251.2100067138672,3355500,251.2100067138672
253.88999938964844,248.32000732421875,251.9199981689453,248.58999633789062,3459500,248.58999633789062
250.07000732421875,245.32000732421875,247.0,246.8699951171875,3725200,246.8699951171875
248.66000366210938,243.0,247.6300048828125,244.89999389648438,3879300,244.89999389648438
246.5,243.0,246.2100067138672,243.69000244140625,3066300,243.69000244140625
246.85000610351562,242.77999877929688,244.82000732421875,246.1699981689453,3022600,246.1699981689453
258.1199951171875,246.02000427246094,246.11000061035156,258.0,7598400,258.0
261.0,254.27000427246094,257.0,255.72999572753906,5330800,255.72999572753906
265.75,259.05999755859375,262.3999938964844,262.04998779296875,7132200,262.04998779296875
265.3299865722656,261.20001220703125,264.0,261.5,6497500,261.5
264.54998779296875,258.82000732421875,260.6000061035156,261.9200134277344,3614300,261.9200134277344
264.79998779296875,250.24000549316406,262.8299865722656,250.67999267578125,6908600,250.67999267578125
255.07000732421875,250.50999450683594,251.55999755859375,255.00999450683594,4059300,255.00999450683594
257.6700134277344,253.3000030517578,255.38999938964844,254.77999877929688,3320200,254.77999877929688
263.8900146484375,255.00999450683594,255.6999969482422,263.1600036621094,5647300,263.1600036621094
270.57000732421875,259.75,260.6000061035156,270.2200012207031,6230800,270.2200012207031
280.67999267578125,275.0,277.0199890136719,277.45001220703125,7987600,277.45001220703125
279.6000061035156,275.5400085449219,278.3399963378906,277.3800048828125,3676200,277.3800048828125
282.0,277.2099914550781,278.0400085449219,277.9200134277344,4148400,277.9200134277344
279.67999267578125,276.32000732421875,278.7300109863281,278.29998779296875,3294600,278.29998779296875
299.0,284.5799865722656,286.8999938964844,298.5199890136719,13888600,298.5199890136719
304.80999755859375,294.5299987792969,296.8900146484375,303.70001220703125,10134600,303.70001220703125
304.8800048828125,294.20001220703125,302.0400085449219,295.0,7880900,295.0
301.94000244140625,294.1000061035156,296.8800048828125,298.70001220703125,5520600,298.70001220703125
302.69000244140625,297.1499938964844,297.5,302.5400085449219,4579600,302.5400085449219
313.7300109863281,308.7099914550781,309.1499938964844,312.3900146484375,7664500,312.3900146484375
313.4700012207031,305.5,313.3800048828125,308.7099914550781,5724600,308.7099914550781
308.45001220703125,296.32000732421875,306.3399963378906,296.8399963378906,6050700,296.8399963378906
307.3900146484375,295.29998779296875,296.70001220703125,304.0,9284600,304.0
304.0,298.67999267578125,302.70001220703125,301.44000244140625,4138700,301.44000244140625
300.8399963378906,297.8999938964844,299.70001220703125,300.25,3035700,300.25
306.6199951171875,302.1099853515625,302.4599914550781,305.5199890136719,3898000,305.5199890136719
309.1499938964844,300.2300109863281,306.510009765625,302.510009765625,6149400,302.510009765625
306.3999938964844,300.4200134277344,302.0,305.6000061035156,4509800,305.6000061035156
310.54998779296875,306.0199890136719,309.2200012207031,308.0299987792969,5083500,308.0299987792969
313.9800109863281,305.8599853515625,308.0,313.7900085449219,6737700,313.7900085449219
314.5,309.0,312.3699951171875,310.1700134277344,4695000,310.1700134277344
313.0899963378906,307.5,311.69000244140625,308.6300048828125,3468600,308.6300048828125
314.79998779296875,308.0,309.8299865722656,314.07000732421875,4463400,314.07000732421875
327.25,314.80999755859375,314.8800048828125,322.8299865722656,8829600,322.8299865722656
327.6600036621094,316.55999755859375,324.0,318.8900146484375,5382800,318.8900146484375
321.5299987792969,310.45001220703125,317.6700134277344,311.0199890136719,7133400,311.0199890136719
307.7699890136719,290.760009765625,307.44000244140625,295.4599914550781,14152000,295.4599914550781
308.54998779296875,296.79998779296875,298.0,308.3500061035156,8177300,308.3500061035156
313.7900085449219,305.82000732421875,310.8999938964844,307.19000244140625,7006500,307.19000244140625
321.989990234375,309.1000061035156,309.3800048828125,321.260009765625,9676500,321.260009765625
325.5,318.1199951171875,321.55999755859375,325.2200012207031,5741600,325.2200012207031
326.0,319.6000061035156,323.3999938964844,323.1000061035156,4753800,323.1000061035156
327.0,321.5299987792969,325.4800109863281,324.80999755859375,4121600,324.80999755859375
320.20001220703125,312.5299987792969,318.3800048828125,315.8800048828125,7622000,315.8800048828125
320.05999755859375,315.1400146484375,317.5899963378906,317.010009765625,4152500,317.010009765625
314.6300048828125,305.5,314.3900146484375,306.1099853515625,6711900,306.1099853515625
313.94000244140625,305.30999755859375,307.0,313.05999755859375,5653800,313.05999755859375
316.5,310.20001220703125,315.5,310.8299865722656,4687600,310.8299865722656
314.3699951171875,306.79998779296875,312.79998779296875,310.3500061035156,4329200,310.3500061035156
310.7300109863281,303.4800109863281,310.4599914550781,303.8599853515625,4318400,303.8599853515625
311.0,305.3999938964844,306.510009765625,310.2200012207031,5033300,310.2200012207031
316.9700012207031,307.80999755859375,311.0199890136719,316.8299865722656,5014000,316.8299865722656
325.489990234375,316.30999755859375,317.2799987792969,325.1400146484375,7802200,325.1400146484375
336.2799987792969,325.760009765625,326.0,335.1000061035156,7782900,335.1000061035156
342.8900146484375,335.1600036621094,337.69000244140625,341.010009765625,9963400,341.010009765625
344.8800048828125,337.2900085449219,344.0,340.3699951171875,7608000,340.3699951171875
342.8800048828125,335.92999267578125,339.7699890136719,339.8500061035156,5590200,339.8500061035156
348.44000244140625,334.2099914550781,338.5,347.32000732421875,6784400,347.32000732421875
359.489990234375,339.9700012207031,344.70001220703125,352.8500061035156,11086800,352.8500061035156
360.5,355.1400146484375,356.3399963378906,359.6499938964844,9398000,359.6499938964844
371.8999938964844,360.2200012207031,363.75,370.0,9009800,370.0
376.8699951171875,354.79998779296875,374.4200134277344,357.32000732421875,17261400,357.32000732421875
364.5,350.6199951171875,357.989990234375,359.010009765625,10517700,359.010009765625
376.0,366.6099853515625,367.6199951171875,375.95001220703125,11807900,375.95001220703125
384.25,376.30999755859375,381.0899963378906,380.6600036621094,12818400,380.6600036621094
375.4599914550781,366.489990234375,372.5,375.3399963378906,10426500,375.3399963378906
378.010009765625,370.1000061035156,377.9800109863281,371.3999938964844,6731000,371.3999938964844
376.70001220703125,367.79998779296875,375.0,369.79998779296875,6549300,369.79998779296875
378.8800048828125,369.7300109863281,376.6700134277344,372.239990234375,7438700,372.239990234375
376.989990234375,368.0199890136719,374.3500061035156,376.3999938964844,4923200,376.3999938964844
385.0,373.57000732421875,377.989990234375,382.6099853515625,7529800,382.6099853515625
386.989990234375,379.3500061035156,382.45001220703125,383.45001220703125,6445800,383.45001220703125
386.95001220703125,373.1000061035156,386.69000244140625,377.489990234375,6604100,377.489990234375
376.3999938964844,362.0199890136719,376.3999938964844,362.3699951171875,6996400,362.3699951171875
371.739990234375,362.5199890136719,366.67999267578125,371.239990234375,6302500,371.239990234375
371.0,354.1000061035156,370.6099853515625,360.75,8221000,360.75
366.7699890136719,359.6199951171875,363.7099914550781,361.6099853515625,5848500,361.6099853515625
371.3500061035156,351.5,370.239990234375,352.6199951171875,6305400,352.6199951171875
347.239990234375,326.3299865722656,347.20001220703125,327.0899963378906,17046700,327.0899963378906
320.7900085449219,306.29998779296875,317.260009765625,308.8299865722656,19324500,308.8299865722656
317.0,307.3800048828125,313.5,313.2200012207031,14176900,313.2200012207031
317.94000244140625,303.1300048828125,312.8999938964844,316.04998779296875,13820900,316.04998779296875
327.2799987792969,314.29998779296875,316.0,327.2200012207031,11559400,327.2200012207031
333.1000061035156,324.5,330.3999938964844,329.5199890136719,10346100,329.5199890136719
331.6000061035156,319.9700012207031,330.1099853515625,323.4100036621094,8594500,323.4100036621094
328.4200134277344,321.2200012207031,323.19000244140625,327.7799987792969,5625200,327.7799987792969
327.1000061035156,313.45001220703125,325.5400085449219,319.57000732421875,9876900,319.57000732421875
329.1300048828125,315.6600036621094,317.5,328.239990234375,6373700,328.239990234375
331.6499938964844,323.2200012207031,328.2300109863281,325.260009765625,6357000,325.260009765625
330.2200012207031,324.20001220703125,326.8999938964844,329.9200134277344,5166200,329.9200134277344
331.260009765625,325.79998779296875,329.4599914550781,328.3999938964844,4901600,328.3999938964844
343.3999938964844,330.010009765625,330.239990234375,342.5199890136719,8637100,342.5199890136719
345.6000061035156,334.1499938964844,345.0,339.6000061035156,6989200,339.6000061035156
345.5,338.1199951171875,340.3599853515625,343.8500061035156,4820800,343.8500061035156
347.5,326.2900085449219,346.0,334.4599914550781,8302400,334.4599914550781
339.6000061035156,332.510009765625,336.8900146484375,335.07000732421875,4880400,335.07000732421875
341.489990234375,321.0400085449219,335.5,323.4700012207031,8535100,323.4700012207031
324.45001220703125,316.1300048828125,323.0,319.57000732421875,8303100,319.57000732421875
327.1199951171875,311.2200012207031,318.94000244140625,325.8900146484375,13091500,325.8900146484375
350.0,343.1499938964844,345.3299865722656,347.0899963378906,13535000,347.0899963378906
357.2699890136719,343.29998779296875,347.0,356.9100036621094,9268900,356.9100036621094
359.4800109863281,352.75,357.3500061035156,355.1700134277344,6324500,355.1700134277344
368.5799865722656,357.3999938964844,357.5299987792969,365.2200012207031,7449800,365.2200012207031
370.0,358.95001220703125,361.0,363.5299987792969,6892100,363.5299987792969
366.6499938964844,354.6600036621094,361.6000061035156,355.3999938964844,7092900,355.3999938964844
361.260009765625,353.6199951171875,356.9700012207031,357.8699951171875,4365800,357.8699951171875
367.6600036621094,362.6000061035156,364.6300048828125,363.79998779296875,4502700,363.79998779296875
365.489990234375,359.3699951171875,365.20001220703125,362.3299865722656,3085100,362.3299865722656
366.5,362.5199890136719,363.0,362.9100036621094,3413800,362.9100036621094
363.29998779296875,351.5899963378906,361.2099914550781,351.9200134277344,5027700,351.9200134277344
354.0,345.79998779296875,352.9100036621094,347.4599914550781,5408200,347.4599914550781
345.82000732421875,331.8500061035156,345.82000732421875,337.8599853515625,6495400,337.8599853515625
342.239990234375,337.3699951171875,341.1300048828125,341.3500061035156,4322000,341.3500061035156
353.489990234375,338.29998779296875,338.989990234375,352.7699890136719,4954500,352.7699890136719
356.6600036621094,349.739990234375,352.5199890136719,352.92999267578125,4584700,352.92999267578125
355.69000244140625,347.29998779296875,354.239990234375,348.04998779296875,3484000,348.04998779296875
347.3500061035156,339.7200012207031,347.2799987792969,345.6600036621094,3764000,345.6600036621094
349.04998779296875,338.75,339.4800109863281,347.3599853515625,4073700,347.3599853515625
353.4700012207031,347.0,349.6700134277344,353.17999267578125,3412900,353.17999267578125
358.44000244140625,352.82000732421875,353.54998779296875,355.8999938964844,4072800,355.8999938964844
357.5899963378906,353.69000244140625,356.1199951171875,355.3999938964844,3049500,355.3999938964844
355.489990234375,345.8900146484375,353.79998779296875,349.5899963378906,3835100,349.5899963378906
350.9800109863281,341.55999755859375,349.5,344.5299987792969,4091400,344.5299987792969
352.4800109863281,343.45001220703125,345.9800109863281,350.6099853515625,4239200,350.6099853515625
349.7799987792969,342.29998779296875,348.989990234375,343.3999938964844,3263500,343.3999938964844
363.7099914550781,350.0,351.3500061035156,363.69000244140625,7667100,363.69000244140625
368.760009765625,360.3999938964844,364.489990234375,362.75,5972900,362.75
368.07000732421875,359.5899963378906,363.82000732421875,366.2300109863281,4185200,366.2300109863281
377.9599914550781,362.6300048828125,364.3299865722656,377.6400146484375,7202500,377.6400146484375
380.0,372.70001220703125,374.510009765625,379.80999755859375,5420500,379.80999755859375
389.6099853515625,377.67999267578125,380.25,385.0,7188000,385.0
382.3900146484375,373.57000732421875,380.0,375.1000061035156,6451900,375.1000061035156
378.25,371.07000732421875,373.0,373.9100036621094,4919100,373.9100036621094
376.8299865722656,364.510009765625,374.8999938964844,366.4800109863281,4618200,366.4800109863281
369.8999938964844,350.8800048828125,366.489990234375,351.0899963378906,8159400,351.0899963378906
357.4700012207031,342.8800048828125,353.1499938964844,344.989990234375,7605900,344.989990234375
351.239990234375,340.8999938964844,350.92999267578125,345.25,7156300,345.25
351.489990234375,340.5,349.8999938964844,340.9700012207031,6060300,340.9700012207031
342.75,335.3999938964844,339.8800048828125,339.6000061035156,5319600,339.6000061035156
344.67999267578125,338.6000061035156,341.8599853515625,341.1000061035156,5107100,341.1000061035156
343.70001220703125,335.510009765625,342.5199890136719,341.5299987792969,5286800,341.5299987792969
348.54998779296875,331.2799987792969,335.8999938964844,348.1400146484375,10153600,348.1400146484375
358.6199951171875,349.6000061035156,351.25,355.010009765625,8163500,355.010009765625
357.44000244140625,351.3500061035156,356.0,355.3299865722656,4171700,355.3299865722656
360.1000061035156,352.25,353.1000061035156,356.8800048828125,4297500,356.8800048828125
351.75,342.6700134277344,349.6499938964844,342.94000244140625,7493700,342.94000244140625
355.6300048828125,345.5299987792969,346.79998779296875,355.5899963378906,6978500,355.5899963378906
357.6000061035156,351.1499938964844,353.8900146484375,354.6000061035156,4500800,354.6000061035156
359.7799987792969,352.6400146484375,352.95001220703125,355.67999267578125,4087000,355.67999267578125
358.489990234375,353.67999267578125,356.9800109863281,355.57000732421875,3540500,355.57000732421875
354.4800109863281,347.1600036621094,353.760009765625,350.6000061035156,5375500,350.6000061035156
356.2200012207031,350.07000732421875,350.9100036621094,355.75,3293300,355.75
363.0,354.1300048828125,355.9700012207031,359.6499938964844,4939100,359.6499938964844
357.1499938964844,348.20001220703125,355.55999755859375,351.80999755859375,5061800,351.80999755859375
354.54998779296875,344.3399963378906,352.69000244140625,345.1000061035156,4930400,345.1000061035156
349.95001220703125,336.25,349.8800048828125,337.0199890136719,5747300,337.0199890136719
342.79998779296875,336.1600036621094,338.79998779296875,337.3399963378906,4491700,337.3399963378906
337.5,323.55999755859375,336.70001220703125,325.8399963378906,8594100,325.8399963378906
330.2300109863281,323.20001220703125,327.7799987792969,326.1700134277344,5023500,326.1700134277344
324.5899963378906,316.6600036621094,319.75,320.8699951171875,6979700,320.8699951171875
323.7799987792969,317.25,319.17999267578125,320.0799865722656,4254400,320.0799865722656
331.95001220703125,320.17999267578125,320.2300109863281,331.5299987792969,5672300,331.5299987792969
332.6099853515625,320.260009765625,332.25,321.0799865722656,8457300,321.0799865722656
308.69000244140625,292.6300048828125,300.1300048828125,299.260009765625,19791400,299.260009765625
306.25,295.1300048828125,299.5,306.0899963378906,8894000,306.0899963378906
307.5,299.010009765625,307.0,302.7799987792969,6486000,302.7799987792969
306.5,300.0299987792969,301.0199890136719,306.04998779296875,5294300,306.04998779296875
306.8900146484375,301.29998779296875,305.5,304.3900146484375,4725300,304.3900146484375
304.4599914550781,296.29998779296875,302.5,302.989990234375,5447100,302.989990234375
308.3599853515625,301.8500061035156,302.5,302.989990234375,4625400,302.989990234375
316.79998779296875,299.1099853515625,300.1300048828125,315.3999938964844,7584900,315.3999938964844
316.3500061035156,306.8999938964844,315.0,308.70001220703125,5676100,308.70001220703125
312.489990234375,301.5,306.010009765625,311.29998779296875,5978700,311.29998779296875
318.1400146484375,311.29998779296875,313.989990234375,312.5,5822100,312.5
326.6700134277344,313.1499938964844,325.6700134277344,315.04998779296875,13735100,315.04998779296875
315.5,304.75,313.7900085449219,308.739990234375,8247700,308.739990234375
318.2300109863281,308.7099914550781,310.8599853515625,317.80999755859375,7261300,317.80999755859375
317.4200134277344,311.8399963378906,316.7699890136719,312.6000061035156,4917600,312.6000061035156
316.4100036621094,311.0,313.7900085449219,315.54998779296875,3244100,315.54998779296875
317.3399963378906,309.510009765625,313.25,316.80999755859375,4555900,316.80999755859375
320.0,313.9200134277344,316.3599853515625,317.54998779296875,4949500,317.54998779296875
318.0,301.2300109863281,317.29998779296875,307.5400085449219,8767400,307.5400085449219
310.70001220703125,304.5400085449219,308.55999755859375,308.8500061035156,4351600,308.8500061035156
310.32000732421875,305.04998779296875,305.44000244140625,306.5299987792969,4292900,306.5299987792969
308.2699890136719,300.6099853515625,306.5,305.20001220703125,5835100,305.20001220703125
308.0,301.0,302.0,303.70001220703125,4646500,303.70001220703125
313.3900146484375,300.0,300.1000061035156,313.260009765625,7195300,313.260009765625
318.6300048828125,311.04998779296875,312.0,311.239990234375,4780600,311.239990234375
316.9800109863281,311.260009765625,314.6000061035156,315.1300048828125,3468500,315.1300048828125
329.010009765625,313.75,314.6300048828125,328.9100036621094,7938000,328.9100036621094
341.44000244140625,330.0299987792969,330.45001220703125,341.0299987792969,8733200,341.0299987792969
344.2200012207031,336.5,340.92999267578125,339.0299987792969,6221500,339.0299987792969
347.44000244140625,336.8999938964844,341.010009765625,337.8900146484375,5799900,337.8900146484375
343.8999938964844,335.760009765625,342.0400085449219,343.45001220703125,6933200,343.45001220703125
346.7300109863281,337.5799865722656,344.8999938964844,338.8699951171875,5476200,338.8699951171875
341.489990234375,330.29998779296875,340.260009765625,331.1000061035156,6825000,331.1000061035156
333.1000061035156,325.0400085449219,332.69000244140625,328.9800109863281,5953800,328.9800109863281
333.739990234375,327.2099914550781,329.5899963378906,331.6600036621094,4385200,331.6600036621094
330.9200134277344,324.82000732421875,329.510009765625,325.20001220703125,4215800,325.20001220703125
323.94000244140625,316.5799865722656,323.8299865722656,317.2900085449219,4378400,317.2900085449219
317.67999267578125,310.75,316.0,311.6400146484375,4712100,311.6400146484375
315.82000732421875,309.5400085449219,311.75,315.3599853515625,4316300,315.3599853515625
316.4100036621094,310.0,316.17999267578125,311.3500061035156,3777200,311.3500061035156
322.1099853515625,311.0,312.0,320.5299987792969,4352200,320.5299987792969
325.25,315.54998779296875,321.0,317.25,4521500,317.25
318.54998779296875,305.67999267578125,312.8699951171875,314.6199951171875,9946300,314.6199951171875
317.239990234375,312.0,316.6199951171875,316.5799865722656,4591200,316.5799865722656
337.0199890136719,315.5,316.0,336.4100036621094,9859400,336.4100036621094
338.79998779296875,327.3999938964844,335.1600036621094,333.69000244140625,7146600,333.69000244140625
337.0,330.0,332.20001220703125,334.79998779296875,4309900,334.79998779296875
344.80999755859375,333.260009765625,335.239990234375,337.95001220703125,6645500,337.95001220703125
340.4100036621094,333.6700134277344,338.6300048828125,336.2200012207031,4825100,336.2200012207031
345.0,334.79998779296875,337.5400085449219,340.05999755859375,6474300,340.05999755859375
349.0,339.75,340.4700012207031,347.1600036621094,7083700,347.1600036621094
352.29998779296875,343.739990234375,345.6700134277344,344.57000732421875,5685800,344.57000732421875
350.5899963378906,342.6000061035156,345.0,350.0199890136719,4888300,350.0199890136719
357.8299865722656,349.20001220703125,349.3999938964844,351.55999755859375,6210400,351.55999755859375
360.5,351.0,360.0,352.7900085449219,5465400,352.7900085449219
354.75,343.5199890136719,354.5799865722656,345.8900146484375,5287500,345.8900146484375
349.20001220703125,336.3999938964844,348.2699890136719,337.6400146484375,6740300,337.6400146484375
344.0,335.7099914550781,341.5,342.8500061035156,4539400,342.8500061035156
350.8500061035156,338.2799987792969,339.8500061035156,349.5299987792969,4747100,349.5299987792969
348.2699890136719,342.1700134277344,345.1400146484375,345.82000732421875,4717700,345.82000732421875
356.19000244140625,345.19000244140625,347.510009765625,354.30999755859375,6214100,354.30999755859375
359.6600036621094,348.6300048828125,351.0,349.25,4197700,349.25
351.95001220703125,340.510009765625,348.44000244140625,343.75,3704800,343.75
344.4700012207031,333.0,337.9700012207031,333.1300048828125,4464100,333.1300048828125
336.2200012207031,323.5,325.2099914550781,333.9700012207031,5088400,333.9700012207031
346.0,335.6600036621094,338.989990234375,345.0,6969200,345.0
348.6199951171875,314.6000061035156,343.30999755859375,315.2300109863281,10314600,315.2300109863281
320.9800109863281,294.760009765625,319.92999267578125,310.4200134277344,12933700,310.4200134277344
318.0799865722656,306.25,316.1300048828125,315.7300109863281,6227800,315.7300109863281
324.19000244140625,312.510009765625,315.0199890136719,323.6600036621094,4560200,323.6600036621094
326.1700134277344,318.5199890136719,320.8399963378906,322.30999755859375,3950700,322.30999755859375
334.1199951171875,322.3999938964844,324.5,334.07000732421875,5912900,334.07000732421875
343.1199951171875,331.6400146484375,332.5,335.489990234375,5642600,335.489990234375
340.8399963378906,331.5,334.4700012207031,334.7699890136719,4009400,334.7699890136719
339.69000244140625,333.1700134277344,336.0299987792969,333.29998779296875,3219600,333.29998779296875
347.44000244140625,334.75,335.5299987792969,346.1700134277344,6969800,346.1700134277344
354.989990234375,347.1000061035156,347.8299865722656,352.04998779296875,5817400,352.04998779296875
359.0,352.3599853515625,353.5,357.4200134277344,4340000,357.4200134277344
359.989990234375,350.010009765625,356.25,350.989990234375,4797400,350.989990234375
355.239990234375,342.2200012207031,352.57000732421875,343.05999755859375,6069700,343.05999755859375
348.6700134277344,330.07000732421875,345.010009765625,330.92999267578125,6885600,330.92999267578125
335.2200012207031,322.9700012207031,326.9800109863281,335.1199951171875,5092800,335.1199951171875
337.75,329.2900085449219,332.3900146484375,333.3500061035156,3823800,333.3500061035156
336.3699951171875,327.0299987792969,333.75,328.20001220703125,4285700,328.20001220703125
332.5,321.739990234375,325.44000244140625,332.29998779296875,5007300,332.29998779296875
333.29998779296875,326.2699890136719,332.8599853515625,329.1000061035156,3566200,329.1000061035156
328.489990234375,322.3699951171875,324.1000061035156,327.1700134277344,5506800,327.1700134277344
347.2099914550781,326.5,328.6099853515625,345.510009765625,8264000,345.510009765625
347.2099914550781,326.5,328.6099853515625,341.8399963378906,5965800,341.8399963378906
339.80999755859375,323.92999267578125,336.760009765625,326.6300048828125,7967400,326.6300048828125
332.8500061035156,321.1000061035156,329.3800048828125,325.6000061035156,6564800,325.6000061035156
327.3999938964844,319.07000732421875,322.92999267578125,321.3500061035156,6117300,321.3500061035156
320.75,309.6700134277344,316.5,313.55999755859375,7484300,313.55999755859375
316.25,308.760009765625,314.8699951171875,310.54998779296875,4764300,310.54998779296875
322.44000244140625,310.19000244140625,310.25,316.5299987792969,5958400,316.5299987792969
318.82000732421875,308.17999267578125,313.8900146484375,309.1000061035156,4939800,309.1000061035156
311.25,300.45001220703125,311.25,301.5400085449219,6654900,301.5400085449219
307.5899963378906,291.3599853515625,307.3399963378906,304.17999267578125,8375200,304.17999267578125
304.2699890136719,277.17999267578125,304.0,279.17999267578125,13872000,279.17999267578125
268.67999267578125,252.10000610351562,264.5799865722656,257.7799987792969,21001400,257.7799987792969
270.9599914550781,248.2100067138672,256.489990234375,266.1300048828125,15170700,266.1300048828125
260.3299865722656,244.58999633789062,256.260009765625,252.47999572753906,16114000,252.47999572753906
273.3500061035156,254.49000549316406,269.82000732421875,267.5299987792969,18844400,267.5299987792969
288.3699951171875,252.0,252.77999877929688,286.94000244140625,19896700,286.94000244140625
306.260009765625,288.20001220703125,289.3399963378906,305.7200012207031,19121100,305.7200012207031
309.2799987792969,295.5,301.0,299.29998779296875,13520300,299.29998779296875
309.5,289.2099914550781,300.3699951171875,289.6600036621094,10249800,289.6600036621094
307.1000061035156,293.67999267578125,298.9700012207031,304.70001220703125,10989800,304.70001220703125
308.9800109863281,299.6600036621094,300.739990234375,300.92999267578125,7482900,300.92999267578125
303.95001220703125,293.67999267578125,302.32000732421875,294.0799865722656,7608800,294.0799865722656
303.95001220703125,295.9800109863281,303.6000061035156,300.3399963378906,7327200,300.3399963378906
299.6600036621094,289.010009765625,299.0,291.2099914550781,6338500,291.2099914550781
292.1700134277344,282.510009765625,288.8699951171875,287.69000244140625,7000000,287.69000244140625
300.239990234375,288.1600036621094,291.0799865722656,293.3500061035156,6557700,293.3500061035156
301.010009765625,288.54998779296875,291.0799865722656,300.0799865722656,6090600,300.0799865722656
299.9800109863281,289.75,295.1700134277344,290.239990234375,5627900,290.239990234375
291.6199951171875,282.3299865722656,291.2900085449219,283.3699951171875,4893400,283.3699951171875
287.0899963378906,278.4599914550781,285.0,283.4599914550781,5685300,283.4599914550781
285.1600036621094,277.25,283.5,280.69000244140625,4013600,280.69000244140625
285.7900085449219,276.5,278.75,285.4800109863281,4356000,285.4800109863281
294.4700012207031,283.8299865722656,285.3699951171875,294.0799865722656,4364600,294.0799865722656
298.7300109863281,292.5,293.6099853515625,293.8999938964844,4228200,293.8999938964844
300.82000732421875,293.2200012207031,293.510009765625,299.9200134277344,4625600,299.9200134277344
306.8500061035156,297.7799987792969,298.57000732421875,301.1499938964844,8970400,301.1499938964844
288.0400085449219,275.2300109863281,278.7900085449219,284.45001220703125,17352100,284.45001220703125
296.8599853515625,279.5199890136719,283.0,294.0899963378906,8569400,294.0899963378906
305.9599914550781,295.1700134277344,297.5,302.7699890136719,8678200,302.7699890136719
307.75,299.0,300.79998779296875,301.9700012207031,5930000,301.9700012207031
307.010009765625,300.04998779296875,300.4100036621094,306.8500061035156,5727400,306.8500061035156
312.989990234375,304.1099853515625,307.5,305.0199890136719,5651600,305.0199890136719
308.8800048828125,299.0799865722656,307.70001220703125,301.05999755859375,4679600,301.05999755859375
304.94000244140625,291.6199951171875,303.32000732421875,291.9700012207031,7286800,291.9700012207031
286.9599914550781,280.5,285.010009765625,284.17999267578125,9519200,284.17999267578125
288.80999755859375,281.55999755859375,283.8299865722656,286.4800109863281,5674000,286.4800109863281
289.19000244140625,283.9700012207031,285.8999938964844,284.5400085449219,4420600,284.5400085449219
284.6499938964844,274.0,284.6499938964844,276.82000732421875,7251900,276.82000732421875
291.489990234375,281.29998779296875,281.3299865722656,284.489990234375,9182600,284.489990234375
288.0,273.4200134277344,287.760009765625,275.010009765625,8945800,275.010009765625
279.9100036621094,274.0,277.760009765625,279.07000732421875,5953100,279.07000732421875
281.1099853515625,274.8900146484375,278.3999938964844,277.8500061035156,4193000,277.8500061035156
279.6400146484375,275.6099853515625,277.6300048828125,278.8500061035156,3875100,278.8500061035156
286.5,276.1499938964844,278.510009765625,283.760009765625,5651100,283.760009765625
295.010009765625,281.6000061035156,283.2900085449219,291.7200012207031,7489700,291.7200012207031
290.3699951171875,282.92999267578125,287.2099914550781,284.7300109863281,5919700,284.7300109863281
291.95001220703125,283.8399963378906,285.8599853515625,291.82000732421875,5411400,291.82000732421875
299.0,293.54998779296875,294.3399963378906,296.739990234375,4767300,296.739990234375
297.79998779296875,286.739990234375,297.70001220703125,291.1300048828125,5995200,291.1300048828125
322.1700134277344,297.4800109863281,300.5,319.5,18767300,319.5
330.0,313.5799865722656,316.1499938964844,316.0899963378906,14345300,316.0899963378906
324.4800109863281,317.1499938964844,319.0,317.6600036621094,8205200,317.6600036621094
334.6600036621094,322.5,322.510009765625,332.1000061035156,13183500,332.1000061035156
354.9700012207031,338.0,344.70001220703125,342.7699890136719,22347400,342.7699890136719
347.20001220703125,339.79998779296875,346.7099914550781,344.7799987792969,9469800,344.7799987792969
358.75,346.6000061035156,347.6300048828125,357.7200012207031,10981000,357.7200012207031
364.6700134277344,351.25,353.8399963378906,358.1700134277344,10848300,358.1700134277344
373.7300109863281,354.5,355.3999938964844,370.8299865722656,12073200,370.8299865722656
370.0,346.25,365.1600036621094,352.54998779296875,12761900,352.54998779296875
364.3800048828125,352.0,358.0400085449219,362.2200012207031,8383700,362.2200012207031
366.2099914550781,346.2699890136719,362.0,347.510009765625,7967100,347.510009765625
352.25,332.0,351.5400085449219,333.6300048828125,10266100,333.6300048828125
338.4700012207031,327.5,330.1199951171875,333.010009765625,6931300,333.010009765625
343.54998779296875,325.79998779296875,336.04998779296875,342.0,7452500,342.0
350.7900085449219,339.5,345.0,344.5,8333700,344.5
357.0199890136719,346.1099853515625,348.6600036621094,349.92999267578125,8398000,349.92999267578125
353.8599853515625,342.4100036621094,353.3299865722656,342.95001220703125,6492400,342.95001220703125
364.7799987792969,329.8500061035156,360.07000732421875,335.07000732421875,18759800,335.07000732421875
332.489990234375,309.69000244140625,331.75,310.8599853515625,12282600,310.8599853515625
314.3900146484375,296.2200012207031,313.760009765625,309.1600036621094,17476400,309.1600036621094
312.07000732421875,302.0,304.95001220703125,308.8999938964844,8865500,308.8999938964844
318.5199890136719,308.0,311.989990234375,318.510009765625,7596800,318.510009765625
327.67999267578125,319.20001220703125,324.55999755859375,322.4700012207031,9471500,322.4700012207031
321.94000244140625,315.07000732421875,315.79998779296875,318.9599914550781,4884100,318.9599914550781
323.2300109863281,312.7699890136719,321.42999267578125,316.7099914550781,5721200,316.7099914550781
319.5799865722656,309.25,315.5799865722656,318.8699951171875,5869800,318.8699951171875
315.1600036621094,306.25,311.7099914550781,310.1000061035156,7818700,310.1000061035156
324.739990234375,308.5,308.80999755859375,322.69000244140625,6996200,322.69000244140625
325.5,316.25,325.0,323.8500061035156,5624200,323.8500061035156
323.5400085449219,314.010009765625,316.3299865722656,320.2300109863281,5915300,320.2300109863281
323.239990234375,311.7099914550781,321.2300109863281,313.5799865722656,5162200,313.5799865722656
305.5,292.8599853515625,301.8399963378906,303.20001220703125,10992900,303.20001220703125
307.7200012207031,292.54998779296875,304.4200134277344,297.42999267578125,9590800,297.42999267578125
309.6199951171875,294.5,296.739990234375,308.739990234375,7075400,308.739990234375
310.70001220703125,303.6400146484375,304.8500061035156,306.6499938964844,4630500,306.6499938964844
307.69000244140625,295.3399963378906,307.25,297.17999267578125,5703300,297.17999267578125
296.1000061035156,286.1300048828125,295.8999938964844,290.1700134277344,6814100,290.1700134277344
298.32000732421875,289.07000732421875,292.25,298.1400146484375,5076900,298.1400146484375
303.0,293.0,297.989990234375,300.8399963378906,10129400,300.8399963378906
349.989990234375,323.1600036621094,328.44000244140625,349.5400085449219,23215000,349.5400085449219
355.0,342.5299987792969,347.80999755859375,348.1700134277344,13656500,348.1700134277344
354.9800109863281,341.82000732421875,345.4599914550781,341.989990234375,8564300,341.989990234375
387.4599914550781,339.1499938964844,343.8399963378906,379.57000732421875,30875800,379.57000732421875
382.6400146484375,367.1199951171875,369.0899963378906,370.3399963378906,24571200,370.3399963378906
367.010009765625,345.7300109863281,365.54998779296875,352.45001220703125,17103700,352.45001220703125
360.0,346.0,354.0,355.489990234375,11552000,355.489990234375
363.19000244140625,349.0199890136719,361.1300048828125,356.4100036621094,10450200,356.4100036621094
359.20001220703125,347.1000061035156,358.45001220703125,347.6400146484375,6986400,347.6400146484375
344.489990234375,332.1400146484375,341.9100036621094,338.69000244140625,9101300,338.69000244140625
342.2799987792969,333.82000732421875,339.9100036621094,335.45001220703125,6064000,335.45001220703125
326.7699890136719,303.5299987792969,323.5,305.5,18958600,305.5
308.5,288.20001220703125,291.70001220703125,308.44000244140625,17402300,308.44000244140625
324.7900085449219,309.0,310.6099853515625,321.8999938964844,13172200,321.8999938964844
323.8800048828125,314.6700134277344,320.8699951171875,321.6400146484375,5946000,321.6400146484375
327.32000732421875,318.1000061035156,319.1400146484375,320.1000061035156,5147300,320.1000061035156
323.8500061035156,319.3999938964844,320.70001220703125,322.82000732421875,3602600,322.82000732421875
322.44000244140625,308.80999755859375,318.0,319.2699890136719,13079300,319.2699890136719
318.8800048828125,311.19000244140625,318.4100036621094,311.8599853515625,7649100,311.8599853515625
311.8500061035156,303.69000244140625,310.2699890136719,305.010009765625,7447400,305.010009765625
304.6000061035156,297.7200012207031,302.260009765625,303.1499938964844,7216700,303.1499938964844
305.30999755859375,298.6000061035156,302.0,301.6600036621094,5375100,301.6600036621094
298.19000244140625,288.0,296.94000244140625,288.95001220703125,8350500,288.95001220703125
286.7799987792969,277.17999267578125,285.04998779296875,280.739990234375,7720800,280.739990234375
291.1700134277344,278.8800048828125,284.79998779296875,280.95001220703125,7480800,280.95001220703125
268.3500061035156,252.25,260.1000061035156,263.239990234375,22491900,263.239990234375
286.0299987792969,271.0,273.260009765625,285.5,14283500,285.5
282.0,273.54998779296875,279.4700012207031,279.44000244140625,9170000,279.44000244140625
292.5,278.6499938964844,281.44000244140625,290.5400085449219,10015400,290.5400085449219
295.0,285.17999267578125,288.0199890136719,289.4599914550781,6340300,289.4599914550781
297.3299865722656,286.5199890136719,288.760009765625,295.20001220703125,6765600,295.20001220703125
300.8699951171875,288.1300048828125,290.0400085449219,294.8399963378906,6887600,294.8399963378906
302.6400146484375,275.5,296.69000244140625,284.9599914550781,16547500,284.9599914550781
300.0,280.5,280.510009765625,299.0199890136719,8294900,299.0199890136719
305.9800109863281,293.3299865722656,303.55999755859375,298.3299865722656,7349400,298.3299865722656
300.5799865722656,295.3699951171875,297.70001220703125,299.1000061035156,5050500,299.1000061035156
303.0,293.5799865722656,298.4800109863281,299.67999267578125,4843000,299.67999267578125
304.6000061035156,296.5,300.0,300.989990234375,4481700,300.989990234375
313.8900146484375,301.1099853515625,301.9100036621094,309.5799865722656,7843200,309.5799865722656
314.9599914550781,306.9100036621094,312.8999938964844,307.5199890136719,8509100,307.5199890136719
278.0,260.55999755859375,270.260009765625,264.7699890136719,33649700,264.7699890136719
311.44000244140625,301.04998779296875,305.7699890136719,310.70001220703125,21777600,310.70001220703125
316.8399963378906,299.1499938964844,313.95001220703125,301.0199890136719,11743500,301.0199890136719
304.6000061035156,291.57000732421875,303.3299865722656,294.79998779296875,7995000,294.79998779296875
294.0,277.6700134277344,293.95001220703125,281.8299865722656,9814200,281.8299865722656
274.8800048828125,260.0,274.6499938964844,261.95001220703125,17944500,261.95001220703125
267.760009765625,249.0,264.5199890136719,250.55999755859375,13472700,250.55999755859375
266.7699890136719,253.3000030517578,255.25,262.79998779296875,12060600,262.79998779296875
265.510009765625,247.77000427246094,264.6099853515625,256.8800048828125,12815300,256.8800048828125
262.25,249.02999877929688,257.5299987792969,252.22999572753906,8167700,252.22999572753906
261.989990234375,252.00999450683594,261.0,258.7799987792969,7201400,258.7799987792969
263.2799987792969,254.5399932861328,259.05999755859375,259.5899963378906,6200000,259.5899963378906
277.3800048828125,262.239990234375,265.70001220703125,276.5899963378906,9526400,276.5899963378906
282.70001220703125,265.79998779296875,282.3999938964844,271.7799987792969,8642200,271.7799987792969
